{
  "userDetails": [
    {
      "id": "13c5",
      "companyName": "Syncfusion",
      "logo": "https://picsum.photos/350/165?randomc",
      "email": "anitha@gmail.com",
      "passWord": "12345678",
      "employeeDetails": [
        {
          "id": "jt8enundroc",
          "name": "ANitha 2",
          "dob": "31/1/2024",
          "address": "Attayampatty",
          "city": "Coimbatore",
          "state": "TamilNadu",
          "experience": {
            "companyName": "KG",
            "fromDate": "29/5/2024",
            "endDate": "17/4/2024",
            "position": "Business Analyst"
          }
        }
      ]
    }
  ]
}